Metric,Jaisalmer,Jodhpur,New Delhi,Shimla,Srinagar
Mean Absolute Error,52.299505450350026,51.37983425445138,90.41512828519492,75.97301895583506,49.810637901990845
Mean Squared Error,6829.566400402859,11777.175875465437,17719.409604594635,14058.553338031314,7258.930315533662
Root Mean Squared Error,82.64119070053903,108.52269751284952,133.11427273059277,118.56877050063105,85.1993563093857
R² Score,0.9228927989621292,0.8088440402838453,0.7231596034697774,0.8095881044179302,0.9180451925722937
