Metric,Jaisalmer,Jodhpur,New Delhi,Shimla,Srinagar
Mean Absolute Error,37.98359400012117,54.30758472764012,88.50264756758135,64.33548139324992,34.52943193516779
Mean Squared Error,5948.667017340193,12193.770140246079,17808.99954753717,12945.150873511098,6548.741535595637
Root Mean Squared Error,77.12760217548704,110.42540532072354,133.45036360961018,113.77675893393649,80.92429508865455
R² Score,0.9328383331061332,0.802082276908783,0.7217598889260772,0.8246682530447113,0.9260633691034262
