Metric,mean,std,min,max
Mean Absolute Error,63.97562496956444,18.293560119817254,49.810637901990845,90.41512828519492
Mean Squared Error,11528.727106805582,4612.471499170305,6829.566400402859,17719.409604594635
Root Mean Squared Error,105.60925755079961,21.662520235837512,82.64119070053903,133.11427273059277
R² Score,0.836505947941195,0.08433338853109013,0.7231596034697774,0.9228927989621292
