Location,MAE,RMSE,R²,Correlation
Jaisalmer,61.34982888099031,101.67880029498136,0.8662796064510112,0.9313706757724295
Jodhpur,89.24360617090576,133.90660586311608,0.7146448285414335,0.8561500180098106
New Delhi,105.4899997822604,148.50365201217562,0.6977241690009823,0.8356645864329727
Shimla,81.38846892436176,117.03799265196918,0.8258764743912678,0.909229154721409
Srinagar,60.88473423317799,104.60105710992678,0.8584828849405041,0.9283453678641986
