City,MAE,RMSE,R²,Correlation
Jaisalmer,74.50354118347168,85.46319915240117,0.8977538559941796,0.9785527901345213
Srinagar,81.11130060553549,121.47627277593918,0.8913498371145304,0.9517452805937355
Jodhpur,72.0663247168064,89.07720169051571,0.9353811519641705,0.9696394908057109
Shimla,86.79601052999496,136.0708805372219,0.8342344732324019,0.9463060050766792
New Delhi,130.3506007194519,183.74708550571478,0.49829638447145774,0.8551007059849217
