City,MAE,RMSE,R²,Correlation
Jaisalmer,49358.5167131652,92389.08591078306,0.9227692827730654,0.9620533359440343
Srinagar,47238.940636799154,87160.85119155126,0.9321689454851408,0.9671599535894679
Jodhpur,48994.99349006958,92401.34424644972,0.9239941654981885,0.9628530950937213
Shimla,50429.06231433568,94873.3415975206,0.9186269998546539,0.959821149907559
New Delhi,50689.1382604246,94244.47687006083,0.9188166393926386,0.9597566986130613
