City,MAE,RMSE,R²,Correlation
Jaisalmer,55895.24,95444.22,0.004700340040888151,0.9027780312051762
Srinagar,56800.047,96374.13,-0.0012800859594761516,0.9022762765322623
Jodhpur,56543.547,96339.82,-0.003638139219034109,0.9009218673630213
Shimla,56081.125,95638.93,-0.004682120915246557,0.8894649676603364
New Delhi,55785.18,94750.74,0.0029577311978375986,0.8936129768603971
