City,MAE,RMSE,R²,Correlation
Jaisalmer,55241.867,75191.195,0.369597568885181,0.6083342774519963
Srinagar,55882.766,75641.12,0.36685494650895,0.6062302901344855
Jodhpur,55377.535,74936.65,0.36513982753688456,0.6048308476157357
Shimla,54658.0,74562.06,0.36387251529865405,0.603694203377806
New Delhi,53961.113,73788.66,0.3750594344509447,0.6127613302332736
