City,MAE,RMSE,R²,Correlation
Jaisalmer,52652.934,73354.914,0.38200546159837834,0.6305204431499213
Srinagar,52983.92,73248.86,0.3824682339538139,0.6318311363113985
Jodhpur,52266.746,72489.46,0.39138825767369756,0.6384207700605167
Shimla,51629.355,72112.766,0.3947573403936805,0.6404555920455699
New Delhi,50897.273,71826.75,0.3966911565976683,0.6421385835319463
