City,MAE,RMSE,R²,Correlation
Jaisalmer,67.49432,74.6101,0.0,
Srinagar,67.49432,74.6101,0.0,
Jodhpur,67.49432,74.6101,0.0,
Shimla,67.49432,74.6101,0.0,
New Delhi,67.49432,74.6101,0.0,
