City,MAE,RMSE,R²,Correlation
Jaisalmer,49.260058879852295,62.27836580144321,0.9186289326830932,0.9679355361770727
Srinagar,97.86124682426453,154.39447889611532,0.7103756600547031,0.8671320268214561
Jodhpur,96.0473526954651,122.87954655131661,0.8820581754977549,0.9650887129766564
Shimla,75.66286245584487,105.36450523958439,0.7639338960840556,0.8766454289059201
New Delhi,94.9085797905922,136.42063094592382,0.8580289928836597,0.9350834717455491
