City,MAE,RMSE,R²,Correlation
Jaisalmer,65.77693743675947,91.51242437323931,0.9244496614440779,0.9767606739649576
Srinagar,100.0,150.0,0.0,0.0
Jodhpur,100.0,150.0,0.0,0.0
Shimla,100.0,150.0,0.0,0.0
New Delhi,100.0,150.0,0.0,0.0
