City,MAE,RMSE,R²,Correlation
Jaisalmer,51283.02,87563.21,0.9309839233051594,0.9654812105640835
Srinagar,51141.016,84079.94,0.9370970034900376,0.9688704565224512
Jodhpur,52250.668,87168.69,0.9320994143205976,0.9661966935706383
Shimla,53129.86,89914.43,0.9267023922496267,0.9633830302781435
New Delhi,52087.98,86086.83,0.9319847862321806,0.9662113650230986
