City,MAE,RMSE,R²,Correlation
Jaisalmer,98.48818130493164,115.13929214086829,0.9035341422993379,0.9744294446158701
Srinagar,133.7850440979004,184.68501079528852,0.43963674874727854,0.7905255638759621
Jodhpur,61.952110677957535,84.47302918616764,0.9384045853625077,0.98782376270635
Shimla,91.43537244796752,103.56861823179611,0.9060497162183498,0.9591803856129649
New Delhi,88.0446918964386,100.38947169923901,0.9391110864725876,0.9759972741932033
