City,MAE,RMSE,R²,Correlation
Jaisalmer,50969.586,69063.63,0.4423810362204339,0.6742493510833584
Srinagar,51829.47,70047.086,0.4366715603977269,0.6697666893489999
Jodhpur,51413.953,69820.47,0.44230277121459294,0.6749404373049634
Shimla,50643.44,68787.375,0.44549866753148837,0.6779988114078862
New Delhi,49834.19,67748.96,0.4543616004651747,0.6844108475823589
