City,MAE,RMSE,R²,Correlation
Jaisalmer,52546.344,91359.516,0.015636719124522136,0.9012732727950934
Srinagar,53055.363,91586.52,0.014132527404799422,0.8940828371764654
Jodhpur,52554.094,91270.66,0.012169966138542265,0.8905282646996294
Shimla,52668.1,91067.5,0.015307765373226645,0.8998049103847785
New Delhi,52274.133,90631.62,0.01787577094340176,0.9004866326625297
