City,MAE,RMSE,R²,Correlation
Jaisalmer,63.630542039871216,74.99687953073385,0.9414317023220055,0.9715617695962125
Srinagar,48.962966069579124,64.51015807105023,0.9578350233593322,0.9820687948571863
Jodhpur,87.06660596132278,137.00017435739622,0.41824239619557213,0.8814052186157404
Shimla,65.3153682231903,77.03301689785438,0.9512535852678935,0.9769432981609737
New Delhi,122.51135473251342,180.78669148027572,0.7283585793987737,0.8829838626544142
