City,MAE,RMSE,R²,Correlation
Jaisalmer,347425.1821998975,379968.2641194486,-0.3490912695608732,0.5293238773590774
Srinagar,344257.04832473607,377204.52222731936,-0.32596726767315976,0.5392082104508905
Jodhpur,345748.9912276289,378551.208885672,-0.31351107044289295,0.5373871881263559
Shimla,347068.415092828,378722.1973481797,-0.336695200387763,0.539933652881656
New Delhi,343466.94550180645,377094.55388260115,-0.3451692375649027,0.5307657768597539
