City,MAE,RMSE,R²,Correlation
Jaisalmer,99.29924530982971,152.0465294325601,0.7813095789967873,0.8881004622770605
Srinagar,86.70259462594986,115.26071875319009,0.8552351745553003,0.9454291578831108
Jodhpur,41.55394171886146,67.8442652442857,0.9510434872921805,0.9864035797648882
Shimla,70.13567767143249,105.10611798710492,0.6898698843410394,0.880793746860536
New Delhi,83.14520787596703,115.54759288262898,0.8315105574688639,0.920949575078413
