City,MAE,RMSE,R²,Correlation
Jaisalmer,105.08221402168274,132.54384454696637,0.7995539594683625,0.9049187508751684
Srinagar,75.51546453237533,101.40689285840692,0.925024392969647,0.9655832933664898
Jodhpur,80.93666272759438,101.23504127406916,0.9082739693501944,0.9644295147977053
Shimla,68.93709897994995,92.82113916090601,0.9287438469987875,0.9809702035257535
New Delhi,111.08182492256165,147.46984080904954,0.7851347314984036,0.8896447194064279
