City,MAE,RMSE,R²,Correlation
Jaisalmer,71.40936,77.87701,-7.331926422888883e+27,
Srinagar,71.40936,77.87701,-7.331926422888883e+27,
Jodhpur,71.40936,77.87701,-7.331926422888883e+27,
Shimla,71.40936,77.87701,-7.331926422888883e+27,
New Delhi,71.40936,77.87701,-7.331926422888883e+27,
