City,MAE,RMSE,R²,Correlation
Jaisalmer,59.65143693566322,84.35858543971618,0.9236032098142011,0.9611474421622231
Srinagar,59.65143693566322,84.35858543971618,0.9236032098142011,0.9611474421622231
Jodhpur,59.65143693566322,84.35858543971618,0.9236032098142011,0.9611474421622231
Shimla,59.65143693566322,84.35858543971618,0.9236032098142011,0.9611474421622231
New Delhi,59.65143693566322,84.35858543971618,0.9236032098142011,0.9611474421622231
