City,MAE,RMSE,R²,Correlation
Jaisalmer,57.486435,62.76078,-1.9047427408909849e+28,
Srinagar,57.486435,62.76078,-1.9047427408909849e+28,
Jodhpur,57.486435,62.76078,-1.9047427408909849e+28,
Shimla,57.486435,62.76078,-1.9047427408909849e+28,
New Delhi,57.486435,62.76078,-1.9047427408909849e+28,
