City,MAE,RMSE,R²,Correlation
Jaisalmer,25082.957,51806.195,0.9763670942809572,0.9885624916687671
Srinagar,24847.812,50046.82,0.9779225924549882,0.9893154373295479
Jodhpur,26483.69,55082.21,0.973234075486613,0.9869163049587584
Shimla,27792.744,57996.547,0.9699669255153344,0.9854125899465014
New Delhi,26630.467,55990.613,0.9719186040214742,0.9863477255464896
