City,MAE,RMSE,R²,Correlation
Jaisalmer,50072.37,68299.17,0.4463261348846751,0.6779684635925566
Srinagar,50311.02,68203.836,0.45545080590041875,0.6855962218831834
Jodhpur,50514.887,68410.47,0.4472442277030415,0.6780417493584686
Shimla,49664.406,68026.55,0.44438915019174363,0.675346171186
New Delhi,48894.95,67138.57,0.45571186094184,0.684974276954311
