City,MAE,RMSE,R²,Correlation
Jaisalmer,240340.38,410950.88,-0.5198433966498339,
Srinagar,243776.22,414946.7,-0.5270491559729398,
Jodhpur,240469.7,412364.6,-0.5152938050408391,
Shimla,236535.28,407250.22,-0.5090718817425899,
New Delhi,237285.28,406029.0,-0.5186694157997875,
