City,MAE,RMSE,R²,Correlation
Jaisalmer,41.14904707893554,58.27203135885716,0.9665591770197057,0.9856490306507449
Jodhpur,36.80292593227388,52.32850882212786,0.967265426783772,0.9859884012061862
New Delhi,36.64985396795952,52.14675077477371,0.9674722174251121,0.9859975580050196
Shimla,36.45463051232388,51.80790417065319,0.9675631143636876,0.9860336575225973
Srinagar,41.14904707893554,58.27203135885716,0.9665591770197057,0.9856490306507449
