Location,MAE,RMSE,R²,Correlation
Jaisalmer,61.844263026883624,105.32792044945514,0.8565092720408342,0.9275959643036867
Jodhpur,86.23872578492639,129.93980661806268,0.7313009223741601,0.8594016236715656
New Delhi,98.48428300765367,148.90122843346882,0.696103486783173,0.8405005208804132
Shimla,81.27750563113166,117.91354690652771,0.8232615142049714,0.9081448532666008
Srinagar,60.30892737613154,103.19879464182482,0.8622517567231611,0.929872026568905
